id first_name last_name email birth_date TRIAL248
1 Budd Madge bmadge0@facebook.com  T
2 Bartholomeo Alessandretti balessandretti1@tuttocitta.it  T
3 Shelby Flatt sflatt2@infoseek.co.jp  T
4 Pierrette Han phan3@is.gd  T
5 Renae Pinxton rpinxton4@latimes.com  T
6 Karney Morter kmorter5@skyrock.com  T
7 Gena Garvin ggarvin6@amazon.co.jp  T
8 Glynnis Honack ghonack7@harvard.edu  T
9 Marilin Bordes mbordes8@acquirethisname.com  T
10 Waylon Legier wlegier9@toplist.cz  T
11 Devon Spaunton dspauntona@mediafire.com  T
12 Trudey Eger tegerb@wikispaces.com  T
13 Griselda Whinray gwhinrayc@tripod.com  T
14 Yorgos Tuffield ytuffieldd@cbsnews.com  T
15 Izabel Dale idalee@taobao.com  T
16 Edgardo McArthur emcarthurf@amazon.com  T
17 Irwinn Vautrey ivautreyg@zimbio.com  T
18 Melodee Daines mdainesh@dailymotion.com  T
19 Selby Dykas sdykasi@newsvine.com  T
20 Andree Oxenbury aoxenburyj@bloglovin.com  T
21 Karee Sergeaunt ksergeauntk@barnesandnoble.com  T
22 Hester Jorg hjorgl@flickr.com  T
23 Persis Reis preism@instagram.com  T
24 Cece Luberto cluberton@army.mil  T
25 Archy Wathen awatheno@macromedia.com  T
26 Timmie Bulle tbullep@diigo.com  T
27 Barthel Venturoli bventuroliq@edublogs.org  T
28 Morrie Broy mbroyr@nhs.uk  T
29 Fergus Slaney fslaneys@mayoclinic.com  T
30 Howie Blenkinsop hblenkinsopt@csmonitor.com  T
31 Chandal Tuddall ctuddallu@blogs.com  T
32 Brenna Aspray basprayv@yolasite.com  T
33 Willow Snoxell wsnoxellw@bigcartel.com  T
34 Paul Dunbavin pdunbavinx@ucoz.com  T
35 Cornie Hrus chrusy@deliciousdays.com  T
36 Pincas Diffley pdiffleyz@blogger.com  T
37 Aimil Alves aalves10@fotki.com  T
38 Lucy Bartholat lbartholat11@nydailynews.com  T
39 Malinde Laborda mlaborda12@newyorker.com  T
40 Patty Rennicks prennicks13@dyndns.org  T
41 Peri Benham pbenham14@foxnews.com  T
42 Fowler Glynn fglynn15@google.co.jp  T
43 Reyna oldey roldey16@pen.io  T
44 Britta Calendar bcalendar17@bigcartel.com  T
45 Mufinella Paxforde mpaxforde18@live.com  T
46 Abe Balint abalint19@1und1.de  T
47 Tymon Ruffler truffler1a@indiatimes.com  T
48 Jim Clogg jclogg1b@myspace.com  T
49 Rolland Linggood rlinggood1c@dailymotion.com  T
50 Georgina Crayk gcrayk1d@vistaprint.com  T
51 Ephrayim Dumberell edumberell1e@4shared.com  T
52 Mariellen Chaster mchaster1f@go.com  T
53 Midge Van der Velden mvandervelden1g@seattletimes.com  T
54 Beverlie Kelso bkelso1h@paginegialle.it  T
55 Veda Kulas vkulas1i@google.ca  T
56 Nathanial Empson nempson1j@bravesites.com  T
57 Aindrea Axtonne aaxtonne1k@rakuten.co.jp  T
58 Yovonnda Spenley yspenley1l@yale.edu  T
59 Lorita Feltoe lfeltoe1m@ezinearticles.com  T
60 Jorgan Heighway jheighway1n@miitbeian.gov.cn  T
61 Hesther Golsby hgolsby1o@drupal.org  T
62 Nonna Cocklie ncocklie1p@yolasite.com  T
63 Edwin Abrehart eabrehart1q@photobucket.com  T
64 Colly Bisson cbisson1r@gravatar.com  T
65 Candi Fall cfall1s@zimbio.com  T
66 Tomas Egginton tegginton1t@barnesandnoble.com  T
67 Dianna Bubbings dbubbings1u@bizjournals.com  T
68 Sterling Bolles sbolles1v@mozilla.com  T
69 Evan Terrelly eterrelly1w@sun.com  T
70 Genvieve Copland gcopland1x@posterous.com  T
71 Fowler Bollin fbollin1y@disqus.com  T
72 Trent Tolefree ttolefree1z@amazonaws.com  T
73 Allard Elsmere aelsmere20@huffingtonpost.com  T
74 Alfie Burley aburley21@123-reg.co.uk  T
75 Keen Geely kgeely22@a8.net  T
76 Thoma Trotter ttrotter23@ehow.com  T
77 Farah Stainton - Skinn fstaintonskinn24@bloglovin.com  T
78 Nelly Jager njager25@delicious.com  T
79 Kristy Simpson ksimpson26@bizjournals.com  T
80 Donia Pheasey dpheasey27@wunderground.com  T
81 Jess Danelut jdanelut28@is.gd  T
82 Joshia De Mico jdemico29@umn.edu  T
83 Berkley Joll bjoll2a@tmall.com  T
84 Salome Alliband salliband2b@flavors.me  T
85 Mollee Filgate mfilgate2c@usnews.com  T
86 Maurizio Rosenzwig mrosenzwig2d@blogspot.com  T
87 Emmalynne Hymor ehymor2e@washingtonpost.com  T
88 Baxie Glenn bglenn2f@fc2.com  T
89 Jordana Millbank jmillbank2g@shutterfly.com  T
90 Eliot Hynam ehynam2h@themeforest.net  T
91 Waylan Tipping wtipping2i@npr.org  T
92 Tuck Ruttgers truttgers2j@fastcompany.com  T
93 Pasquale Coysh pcoysh2k@cyberchimps.com  T
94 Doralynne Curston dcurston2l@jiathis.com  T
95 Roslyn Santon rsanton2m@state.tx.us  T
96 Ed Colwill ecolwill2n@google.com.br  T
97 Shina Balcon sbalcon2o@gnu.org  T
98 Elicia Iacovacci eiacovacci2p@bbb.org  T
99 Aurilia Doyle adoyle2q@cnbc.com  T
100 Kristos Clohisey kclohisey2r@weibo.com  T
101 Pepillo Barratt pbarratt2s@clickbank.net  T
102 Maye Tenny mtenny2t@e-recht24.de  T
103 Bab Follin bfollin2u@stumbleupon.com  T
104 Bone Figg bfigg2v@ehow.com  T
105 Debby Batcheldor dbatcheldor2w@irs.gov  T
106 Lorelei Ingray lingray2x@e-recht24.de  T
107 Bernete Selway bselway2y@blogtalkradio.com  T
108 Elvin Royan eroyan2z@shutterfly.com  T
109 Enoch Scawton escawton30@altervista.org  T
110 Darice Cronshaw dcronshaw31@lulu.com  T
111 Mike Samweyes msamweyes32@elegantthemes.com  T
112 Marget Lyte mlyte33@gnu.org  T
113 Adolphus Malamore amalamore34@eventbrite.com  T
114 Harlen Kneebone hkneebone35@last.fm  T
115 Ulises Stobart ustobart36@buzzfeed.com  T
116 Lita Shimwall lshimwall37@nytimes.com  T
117 Crosby Sloane csloane38@jalbum.net  T
118 Addy Provest aprovest39@constantcontact.com  T
119 Hirsch Egan hegan3a@theatlantic.com  T
120 Barny Joyson bjoyson3b@cyberchimps.com  T
121 Marcy Paige mpaige3c@cbc.ca  T
122 Axel Cicero acicero3d@stumbleupon.com  T
123 Danie Morhall dmorhall3e@globo.com  T
124 Olwen Championnet ochampionnet3f@simplemachines.org  T
125 Halli Muldowney hmuldowney3g@sourceforge.net  T
126 Lulu Biggen lbiggen3h@bravesites.com  T
127 Arley Ody aody3i@imdb.com  T
128 Mil Hodges mhodges3j@wired.com  T
129 Sherwin Beebee sbeebee3k@wufoo.com  T
130 Catlin Storrock cstorrock3l@hostgator.com  T
131 Jeromy Eggleson jeggleson3m@hexun.com  T
132 Augustus Jostan ajostan3n@slate.com  T
133 Rori Inworth rinworth3o@sohu.com  T
134 Alvan Lazell alazell3p@oracle.com  T
135 Mendel Rappport mrappport3q@ameblo.jp  T
136 Dawna Greenacre dgreenacre3r@etsy.com  T
137 Fernandina Pfleger fpfleger3s@oakley.com  T
138 Dwayne Cardiff dcardiff3t@ehow.com  T
139 Jerri Kaplin jkaplin3u@goodreads.com  T
140 Maryellen Beggi mbeggi3v@bing.com  T
141 Elset Poston eposton3w@va.gov  T
142 Arlin Matthewes amatthewes3x@blog.com  T
143 Saunderson Laban slaban3y@indiatimes.com  T
144 Emmanuel Poncet eponcet3z@sphinn.com  T
145 Celia Braznell cbraznell40@i2i.jp  T
146 Helena Mulvenna hmulvenna41@whitehouse.gov  T
147 Amos Kastel akastel42@zimbio.com  T
148 Elisa Jedraszek ejedraszek43@ucoz.ru  T
149 Ardys Jowers ajowers44@springer.com  T
150 Robin Yurevich ryurevich45@apache.org  T
151 Will Chatenet wchatenet46@statcounter.com  T
152 Quint Merkel qmerkel47@fda.gov  T
153 Zara MacCollom zmaccollom48@vkontakte.ru  T
154 Cynthia Wanley cwanley49@google.com.au  T
155 Helli Trewin htrewin4a@homestead.com  T
156 Jordanna Clancy jclancy4b@sitemeter.com  T
157 Winny Wathan wwathan4c@yellowbook.com  T
158 Joanie Allaway jallaway4d@foxnews.com  T
159 Culver Greguoli cgreguoli4e@nih.gov  T
160 Debee Heare dheare4f@behance.net  T
161 Walton Foker wfoker4g@hugedomains.com  T
162 Tabb Reuble treuble4h@narod.ru  T
163 Bartolomeo Shotter bshotter4i@a8.net  T
164 Jarid Rowlstone jrowlstone4j@blinklist.com  T
165 Ram Zeal rzeal4k@youtu.be  T
166 Philippa Mitkin pmitkin4l@bbb.org  T
167 Dalila Cathcart dcathcart4m@si.edu  T
168 Dell Duell dduell4n@soundcloud.com  T
169 Ryun Pedlingham rpedlingham4o@netlog.com  T
170 Harv Tomlins htomlins4p@youtube.com  T
171 Sheff Passion spassion4q@thetimes.co.uk  T
172 Herta Briance hbriance4r@epa.gov  T
173 Felicia Biddles fbiddles4s@blog.com  T
174 Claudie Laden claden4t@infoseek.co.jp  T
175 Clevie Paridge cparidge4u@vinaora.com  T
176 Gris Hearn ghearn4v@shareasale.com  T
177 Rutherford Ricson rricson4w@cisco.com  T
178 Modesty Liebermann mliebermann4x@4shared.com  T
179 Gerard Brennon gbrennon4y@imgur.com  T
180 Cinda Margetson cmargetson4z@sina.com.cn  T
181 Michaela Dutch mdutch50@wp.com  T
182 Cale Lethebridge clethebridge51@merriam-webster.com  T
183 Carry Pietrzak cpietrzak52@parallels.com  T
184 Kacy Kittley kkittley53@wired.com  T
185 Isidore Matterdace imatterdace54@stanford.edu  T
186 Kendell Ojeda kojeda55@tuttocitta.it  T
187 Benyamin Tupman btupman56@fastcompany.com  T
188 Ford Pinniger fpinniger57@vistaprint.com  T
189 Beatriz Padrick bpadrick58@smh.com.au  T
190 Correy Tilne ctilne59@bing.com  T
191 Bambi Mullord bmullord5a@sakura.ne.jp  T
192 Dunn Foddy dfoddy5b@apache.org  T
193 Mala Joannidi mjoannidi5c@booking.com  T
194 Elaine Diviny ediviny5d@vinaora.com  T
195 Dareen Barkes dbarkes5e@cnet.com  T
196 Howard Chittem hchittem5f@live.com  T
197 Andres Conti aconti5g@nytimes.com  T
198 Egor Singers esingers5h@cloudflare.com  T
199 Jarrett Billie jbillie5i@slideshare.net  T
200 Warden Rippen wrippen5j@scientificamerican.com  T
201 Andriana Mithan amithan5k@github.com  T
202 Aime Seak aseak5l@wordpress.com  T
203 Ronna Eastam reastam5m@washington.edu  T
204 Alaster Okill aokill5n@plala.or.jp  T
205 Mureil Tricker mtricker5o@harvard.edu  T
206 Jacquie Harhoff jharhoff5p@theguardian.com  T
207 Theodora Paulon tpaulon5q@weibo.com  T
208 Welbie Cowlas wcowlas5r@jigsy.com  T
209 Yul Bohlens ybohlens5s@google.de  T
210 Kenneth Franssen kfranssen5t@reuters.com  T
211 Filberte Le Claire fleclaire5u@netvibes.com  T
212 Jorge Yakob jyakob5v@stumbleupon.com  T
213 Bale Pellew bpellew5w@jimdo.com  T
214 Junette Manketell jmanketell5x@wisc.edu  T
215 Garner Lautie glautie5y@example.com  T
216 Ertha Roche eroche5z@e-recht24.de  T
217 Morly Salkild msalkild60@123-reg.co.uk  T
218 Emlyn Crauford ecrauford61@feedburner.com  T
219 Marysa Wickson mwickson62@bluehost.com  T
220 Boone Gerb bgerb63@tripadvisor.com  T
221 Israel McKniely imckniely64@sphinn.com  T
222 Tana Wrightam twrightam65@blogs.com  T
223 Venus Anscombe vanscombe66@tuttocitta.it  T
224 Dorothy Hobble dhobble67@vistaprint.com  T
225 Nancey Hughlock nhughlock68@gizmodo.com  T
226 Clementia Briar cbriar69@nymag.com  T
227 Deana Arter darter6a@census.gov  T
228 Saundra Ronayne sronayne6b@meetup.com  T
229 Hale Bristo hbristo6c@soundcloud.com  T
230 Virgie Rosindill vrosindill6d@scribd.com  T
231 Genevieve Gouthier ggouthier6e@google.pl  T
232 Jordana Temperley jtemperley6f@admin.ch  T
233 Angus Lindwasser alindwasser6g@phoca.cz  T
234 Lotti Sacker lsacker6h@1688.com  T
235 Barri Gillbee bgillbee6i@pen.io  T
236 Chickie Checchetelli cchecchetelli6j@seattletimes.com  T
237 Miguela McNeigh mmcneigh6k@addtoany.com  T
238 Iolanthe McMeyler imcmeyler6l@wordpress.com  T
239 Cass Janu cjanu6m@list-manage.com  T
240 Jamey Srawley jsrawley6n@pcworld.com  T
241 Leyla Tubble ltubble6o@dmoz.org  T
242 Easter Ketteridge eketteridge6p@ning.com  T
243 Granny Desporte gdesporte6q@phpbb.com  T
244 Chere Burgwin cburgwin6r@businessinsider.com  T
245 Fanechka Wankel fwankel6s@upenn.edu  T
246 Janine Rusted jrusted6t@constantcontact.com  T
247 Magnum Dwane mdwane6u@theatlantic.com  T
248 Milli Melhuish mmelhuish6v@twitter.com  T
249 Jerrilee Lembke jlembke6w@bizjournals.com  T
250 Morgen Fargher mfargher6x@sbwire.com  T
251 Breanne Adamiec badamiec6y@reference.com  T
252 Susan Logesdale slogesdale6z@tuttocitta.it  T
253 Bar Call bcall70@nba.com  T
254 Hinze Gomer hgomer71@usnews.com  T
255 Layney Gibbs lgibbs72@mail.ru  T
256 Tanya Wishkar twishkar73@stanford.edu  T
257 Shirley Woolfitt swoolfitt74@bbb.org  T
258 Celinka Pappin cpappin75@odnoklassniki.ru  T
259 Ignacius Rosewall irosewall76@51.la  T
260 Alberik Nemchinov anemchinov77@xing.com  T
261 Shani Bes sbes78@addthis.com  T
262 Moira Olyet molyet79@github.io  T
263 Yorgos Spridgen yspridgen7a@apple.com  T
264 Vitoria Filippov vfilippov7b@tripod.com  T
265 Leilah Franken lfranken7c@icio.us  T
266 Basil Mockler bmockler7d@jimdo.com  T
267 Maurise Castan mcastan7e@china.com.cn  T
268 Zola Munton zmunton7f@angelfire.com  T
269 Vallie Peachment vpeachment7g@usnews.com  T
270 Lydie Dale ldale7h@tiny.cc  T
271 Tyson Dauney tdauney7i@tumblr.com  T
272 Brendan Trigwell btrigwell7j@addthis.com  T
273 Abigail Royson aroyson7k@state.tx.us  T
274 Arleyne Gloyens agloyens7l@wufoo.com  T
275 Jaymie Tarrant jtarrant7m@meetup.com  T
276 Mitchael Else melse7n@booking.com  T
277 Lanette Pearcy lpearcy7o@sourceforge.net  T
278 Ilise Learmont ilearmont7p@over-blog.com  T
279 Lora Ainslie lainslie7q@wix.com  T
280 Vance Toovey vtoovey7r@about.com  T
281 Luis Legging llegging7s@ted.com  T
282 Peg Davidek pdavidek7t@gnu.org  T
283 Aeriel Alcido aalcido7u@accuweather.com  T
284 Gwenette Delyth gdelyth7v@flickr.com  T
285 Creigh Gerold cgerold7w@meetup.com  T
286 Keely Bowcher kbowcher7x@a8.net  T
287 Binni Danick bdanick7y@ebay.co.uk  T
288 Nyssa Thornthwaite nthornthwaite7z@state.gov  T
289 Chris Ellcome cellcome80@vimeo.com  T
290 Abby Haberfield ahaberfield81@comcast.net  T
291 Yale Lindenberg ylindenberg82@sphinn.com  T
292 Ebony Benham ebenham83@studiopress.com  T
293 Jodee Oubridge joubridge84@last.fm  T
294 Krisha Beche kbeche85@tripod.com  T
295 Clementina Maw cmaw86@trellian.com  T
296 Lolly Navaro lnavaro87@seesaa.net  T
297 Wait Krauze wkrauze88@ovh.net  T
298 Joni Rettie jrettie89@smh.com.au  T
299 Kinna Borkett kborkett8a@google.com.br  T
300 Julita Skitteral jskitteral8b@harvard.edu  T
301 Henryetta Hamflett hhamflett8c@mtv.com  T
302 Maxwell Furlow mfurlow8d@gov.uk  T
303 Redford McNern rmcnern8e@github.io  T
304 Merrielle Southers msouthers8f@hp.com  T
305 Cherry Fyndon cfyndon8g@wsj.com  T
306 Elvira Creak ecreak8h@columbia.edu  T
307 Porter Pavic ppavic8i@merriam-webster.com  T
308 Tadd Hessle thessle8j@reference.com  T
309 Catarina Belleny cbelleny8k@fotki.com  T
310 Mortimer Wooderson mwooderson8l@nytimes.com  T
311 Clyve Romeril cromeril8m@github.com  T
312 Brand Hutable bhutable8n@nba.com  T
313 Bondie Verden bverden8o@imdb.com  T
314 Dell Von Der Empten dvonderempten8p@joomla.org  T
315 Carolan Matfield cmatfield8q@parallels.com  T
316 Rip Lawdham rlawdham8r@ca.gov  T
317 Bartlett Otter botter8s@slate.com  T
318 Alisun Klinck aklinck8t@clickbank.net  T
319 Jessamine Retallick jretallick8u@va.gov  T
320 Joelle Goodyer jgoodyer8v@mac.com  T
321 Clarissa Kimberley ckimberley8w@mapquest.com  T
322 Darelle Crush dcrush8x@usatoday.com  T
323 Albertina Rockhill arockhill8y@constantcontact.com  T
324 Ewen Stones estones8z@macromedia.com  T
325 Norah Akett nakett90@google.ca  T
326 Kristan Bernardeau kbernardeau91@dion.ne.jp  T
327 Rowland Kassel rkassel92@phoca.cz  T
328 Kym Dessent kdessent93@naver.com  T
329 Frasier Malster fmalster94@g.co  T
330 Mikol Phillips mphillips95@cbc.ca  T
331 Dylan Lydon dlydon96@devhub.com  T
332 Estevan Truwert etruwert97@delicious.com  T
333 Cherye Dyhouse cdyhouse98@aol.com  T
334 Duffy Worswick dworswick99@smugmug.com  T
335 Tod Lucey tlucey9a@etsy.com  T
336 Twyla Brittain tbrittain9b@sitemeter.com  T
337 Julieta Birchett jbirchett9c@mtv.com  T
338 Shelagh Claypoole sclaypoole9d@over-blog.com  T
339 Eldon Gomm egomm9e@google.nl  T
340 Gardy Filisov gfilisov9f@baidu.com  T
341 Ade Ecclestone aecclestone9g@shinystat.com  T
342 Kirstin Swallwell kswallwell9h@php.net  T
343 Geoff Box gbox9i@gizmodo.com  T
344 Thacher Alpin talpin9j@google.co.uk  T
345 Leslie Langlais llanglais9k@ehow.com  T
346 Toni Masding tmasding9l@phoca.cz  T
347 Lindsy Swoffer lswoffer9m@4shared.com  T
348 Mada Carlino mcarlino9n@webnode.com  T
349 Klement Boardman kboardman9o@nifty.com  T
350 Ellissa Talks etalks9p@joomla.org  T
351 Sorcha Forman sforman9q@skyrock.com  T
352 Abigael Baumber abaumber9r@icio.us  T
353 Aubrette Minty aminty9s@printfriendly.com  T
354 Joete Rolling jrolling9t@rediff.com  T
355 Marrissa Leverton mleverton9u@angelfire.com  T
356 Stevana Clackers sclackers9v@globo.com  T
357 Cullan Proschke cproschke9w@ifeng.com  T
358 Helene Sarrell hsarrell9x@mtv.com  T
359 Filippo Rennolds frennolds9y@biglobe.ne.jp  T
360 Myrtle Hastwell mhastwell9z@jugem.jp  T
361 Aryn Trotman atrotmana0@chronoengine.com  T
362 Charmine Chiplen cchiplena1@cloudflare.com  T
363 Kendre Cuss kcussa2@ask.com  T
364 Julienne McAndrew jmcandrewa3@noaa.gov  T
365 Ivy Rolfe irolfea4@sun.com  T
366 Berne Thewles bthewlesa5@unicef.org  T
367 Farris Clementucci fclementuccia6@amazonaws.com  T
368 Susette Tomkys stomkysa7@apache.org  T
369 Diane Geary dgearya8@t-online.de  T
370 Gil Rowesby growesbya9@ihg.com  T
371 Whitman Scottini wscottiniaa@icq.com  T
372 Elissa Honacker ehonackerab@jigsy.com  T
373 Claudelle Pithie cpithieac@buzzfeed.com  T
374 Carlye Ticehurst cticehurstad@meetup.com  T
375 Fowler Parsand fparsandae@quantcast.com  T
376 Salli Edmonson sedmonsonaf@go.com  T
377 Dylan Sturte dsturteag@ibm.com  T
378 Cullen Woodworth cwoodworthah@cnbc.com  T
379 Gilly Gaskoin ggaskoinai@archive.org  T
380 Armando Carrol acarrolaj@google.ru  T
381 Enrica Barrowclough ebarrowcloughak@lulu.com  T
382 Paulie Kennan pkennanal@spiegel.de  T
383 Berny Bartrap bbartrapam@phpbb.com  T
384 Marietta Medlar mmedlaran@globo.com  T
385 Jorgan Steenson jsteensonao@ca.gov  T
386 Colline Paaso cpaasoap@europa.eu  T
387 Ximenes Pickhaver xpickhaveraq@quantcast.com  T
388 Joli Pearsey jpearseyar@imdb.com  T
389 Thorpe Tuxell ttuxellas@lycos.com  T
390 Andrei Broomfield abroomfieldat@t-online.de  T
391 Allina Glencross aglencrossau@ucsd.edu  T
392 Dorice Tudhope dtudhopeav@constantcontact.com  T
393 Ilka Nevinson inevinsonaw@facebook.com  T
394 Borg Leadston bleadstonax@guardian.co.uk  T
395 Roz Dublin rdublinay@edublogs.org  T
396 Odille Olander oolanderaz@pcworld.com  T
397 Tan Digger tdiggerb0@who.int  T
398 Osbourn Dafter odafterb1@sciencedirect.com  T
399 Karlyn Jorez kjorezb2@taobao.com  T
400 Adelaida Haffner ahaffnerb3@amazon.de  T
401 Waldon Bolam wbolamb4@biglobe.ne.jp  T
402 Martguerita Houlton mhoultonb5@nsw.gov.au  T
403 Nicola Ruffles nrufflesb6@ibm.com  T
404 Ianthe Macieiczyk imacieiczykb7@desdev.cn  T
405 Shirley McGrah smcgrahb8@buzzfeed.com  T
406 Toby Damiral tdamiralb9@guardian.co.uk  T
407 Donal Petto dpettoba@desdev.cn  T
408 Martica Rockey mrockeybb@ifeng.com  T
409 Byrle Chaikovski bchaikovskibc@yolasite.com  T
410 Mandie Frontczak mfrontczakbd@friendfeed.com  T
411 Alie Janout ajanoutbe@blogs.com  T
412 Truman Heggison theggisonbf@freewebs.com  T
413 Leeanne Hayden lhaydenbg@wikipedia.org  T
414 Cherri Gottschalk cgottschalkbh@opensource.org  T
415 Burt Edmott bedmottbi@artisteer.com  T
416 Alec O'Sheerin aosheerinbj@nbcnews.com  T
417 Noak Griffith ngriffithbk@wikia.com  T
418 Arluene Duckers aduckersbl@homestead.com  T
419 Agnes McCaughey amccaugheybm@phpbb.com  T
420 Kipper Deener kdeenerbn@360.cn  T
421 Janeta Origin joriginbo@narod.ru  T
422 Loretta Bouchard lbouchardbp@reverbnation.com  T
423 Tome Brouwer tbrouwerbq@bbc.co.uk  T
424 Konstantin Illidge killidgebr@bigcartel.com  T
425 Cherilyn Adelman cadelmanbs@wp.com  T
426 Demetre Rapa drapabt@vk.com  T
427 Leonard Schwier lschwierbu@oracle.com  T
428 Dulciana Frosdick dfrosdickbv@ehow.com  T
429 Laure Jammet ljammetbw@w3.org  T
430 Gaby Jakov gjakovbx@myspace.com  T
431 Calv MacIlriach cmacilriachby@guardian.co.uk  T
432 Demetri Strickler dstricklerbz@globo.com  T
433 Karla Labrum klabrumc0@privacy.gov.au  T
434 Sandy Heath sheathc1@utexas.edu  T
435 Lynda Gantley lgantleyc2@livejournal.com  T
436 Merry Kike mkikec3@epa.gov  T
437 Brandon Dewing bdewingc4@opensource.org  T
438 Lucina Bramo lbramoc5@cisco.com  T
439 Bernie Skittrall bskittrallc6@eepurl.com  T
440 Julienne Yandell jyandellc7@scientificamerican.com  T
441 Meier Davidek mdavidekc8@issuu.com  T
442 Cyndi Eisenberg ceisenbergc9@infoseek.co.jp  T
443 Walther Gaunt wgauntca@amazon.de  T
444 Reuven Tussaine rtussainecb@apache.org  T
445 Gardie Rucklidge grucklidgecc@soup.io  T
446 Alyssa Terrill aterrillcd@theguardian.com  T
447 Bel Abbs babbsce@google.com  T
448 Genia Style gstylecf@about.me  T
449 Mabel Barnshaw mbarnshawcg@e-recht24.de  T
450 Juliane Pyle jpylech@virginia.edu  T
451 Chaunce Bartelot cbartelotci@liveinternet.ru  T
452 Casey O Sullivan cosullivancj@ox.ac.uk  T
453 Trever Manjot tmanjotck@nifty.com  T
454 Charita Haythorne chaythornecl@stumbleupon.com  T
455 Jannelle Crewther jcrewthercm@arstechnica.com  T
456 Costa Lethbury clethburycn@virginia.edu  T
457 Ruthie MacAlester rmacalesterco@barnesandnoble.com  T
458 Lyndsie Graser lgrasercp@chronoengine.com  T
459 Lilith Lemoir llemoircq@nyu.edu  T
460 Flori Slaughter fslaughtercr@google.pl  T
461 Lorette Scudder lscuddercs@ft.com  T
462 Sigismondo Kersaw skersawct@europa.eu  T
463 Gusella McCuis gmccuiscu@macromedia.com  T
464 Edi Cuthbert ecuthbertcv@craigslist.org  T
465 Marc Ellicombe mellicombecw@narod.ru  T
466 Adrienne McGebenay amcgebenaycx@cmu.edu  T
467 Meris Valde mvaldecy@sun.com  T
468 De Millions dmillionscz@usgs.gov  T
469 Juliette Dutson jdutsond0@themeforest.net  T
470 Vonny Largan vlargand1@netvibes.com  T
471 Aldus Cotgrove acotgroved2@freewebs.com  T
472 Rebekkah Clowley rclowleyd3@youtube.com  T
473 Maudie Sign msignd4@marriott.com  T
474 Anna-diana Whitland awhitlandd5@ow.ly  T
475 Perla Muscott pmuscottd6@domainmarket.com  T
476 Carver Marke cmarked7@youku.com  T
477 Zorine Stibbs zstibbsd8@stumbleupon.com  T
478 Christiana Mewe cmewed9@house.gov  T
479 Arabella Elion aelionda@smugmug.com  T
480 Ursa Deville udevilledb@miibeian.gov.cn  T
481 Jacintha Tivolier jtivolierdc@marriott.com  T
482 Cazzie Roman cromandd@cafepress.com  T
483 Hallie Hearnaman hhearnamande@va.gov  T
484 Carole Minard cminarddf@meetup.com  T
485 Zelma Bruckmann zbruckmanndg@pen.io  T
486 Joaquin Beaman jbeamandh@soundcloud.com  T
487 Penelope Garrie pgarriedi@google.cn  T
488 Parke Goldstein pgoldsteindj@wisc.edu  T
489 Glen Farenden gfarendendk@biglobe.ne.jp  T
490 Edlin Bradick ebradickdl@facebook.com  T
491 Willa Humphris whumphrisdm@nbcnews.com  T
492 Bendite Bateman bbatemandn@facebook.com  T
493 Frasier Prantl fprantldo@miitbeian.gov.cn  T
494 Lia Peele lpeeledp@aboutads.info  T
495 Avrit Turner aturnerdq@smugmug.com  T
496 Marlin Lupton mluptondr@timesonline.co.uk  T
497 Kenna Scamwell kscamwellds@clickbank.net  T
498 Rodi Fowgies rfowgiesdt@a8.net  T
499 Vergil Dowry vdowrydu@mashable.com  T
500 Lavina Pechell lpechelldv@noaa.gov  T
501 Torin Moulton tmoultondw@lulu.com  T
502 Rollins Roebuck rroebuckdx@wired.com  T
503 Erinna Symmers esymmersdy@sogou.com  T
504 Marylee McIlvaney mmcilvaneydz@microsoft.com  T
505 Dalston Cherry Holme dcherryholmee0@sciencedirect.com  T
506 Tess Arnauduc tarnauduce1@networksolutions.com  T
507 Farand Czyz fczyze2@nasa.gov  T
508 Tiena Hannan thannane3@nsw.gov.au  T
509 Myles Pritty mprittye4@reverbnation.com  T
510 Verena Battlestone vbattlestonee5@admin.ch  T
511 Etty Stanworth estanworthe6@com.com  T
512 Kayley Gilliver kgillivere7@mayoclinic.com  T
513 Hayley Snowdon hsnowdone8@independent.co.uk  T
514 Patricia Ciobutaro pciobutaroe9@google.de  T
515 Purcell Goodenough pgoodenoughea@bbc.co.uk  T
516 Sybilla Nelmes snelmeseb@homestead.com  T
517 Ashia Bestiman abestimanec@senate.gov  T
518 Noelyn Grebner ngrebnered@google.com.br  T
519 Gawain Robbings grobbingsee@webs.com  T
520 Zaria Dodgshun zdodgshunef@uol.com.br  T
521 Lesley Huckell lhuckelleg@java.com  T
522 Erv Ding edingeh@google.co.uk  T
523 Ginevra Galletley ggalletleyei@printfriendly.com  T
524 Pepillo Simonsen psimonsenej@so-net.ne.jp  T
525 Lyndsey Begwell lbegwellek@nba.com  T
526 Derrek Cowpertwait dcowpertwaitel@usnews.com  T
527 Ava Carlesi acarlesiem@google.ru  T
528 Ethelin Hindrick ehindricken@homestead.com  T
529 Hercule Wenger hwengereo@symantec.com  T
530 Blondie Edwardes bedwardesep@spotify.com  T
531 Shae Sterland ssterlandeq@lulu.com  T
532 Marlane Jaume mjaumeer@ovh.net  T
533 Bernita Whiten bwhitenes@mapquest.com  T
534 Enriqueta Dust edustet@auda.org.au  T
535 Bryanty Thebe bthebeeu@desdev.cn  T
536 Desi Reveley dreveleyev@cmu.edu  T
537 Ham De Cristoforo hdecristoforoew@github.io  T
538 Lincoln Romanski lromanskiex@last.fm  T
539 Grier Farland gfarlandey@quantcast.com  T
540 Stillman Underhill sunderhillez@discuz.net  T
541 Jo-anne O'Hearn johearnf0@va.gov  T
542 Greggory Farryn gfarrynf1@smh.com.au  T
543 Louella Patron lpatronf2@wiley.com  T
544 Temple Rosso trossof3@so-net.ne.jp  T
545 Mag Brace mbracef4@google.com  T
546 Thaine Lyall tlyallf5@ning.com  T
547 Sonnnie Gage sgagef6@irs.gov  T
548 Aurilia Walthall awalthallf7@delicious.com  T
549 Agna Tomalin atomalinf8@nasa.gov  T
550 Hall Cruxton hcruxtonf9@amazon.co.jp  T
551 Debi Ornells dornellsfa@toplist.cz  T
552 Rancell Vel rvelfb@home.pl  T
553 Wilfred Bartolijn wbartolijnfc@nature.com  T
554 Stavro Sargent ssargentfd@cnet.com  T
555 Nedi Baiyle nbaiylefe@altervista.org  T
556 Ranice Haville rhavilleff@alexa.com  T
557 Gaylene Kingzett gkingzettfg@virginia.edu  T
558 Erena Dady edadyfh@nsw.gov.au  T
559 Korney Saward ksawardfi@drupal.org  T
560 Thorvald Lavery tlaveryfj@rambler.ru  T
561 Shadow Corbould scorbouldfk@over-blog.com  T
562 Lizzie Grouer lgrouerfl@hud.gov  T
563 Aharon Skett askettfm@xing.com  T
564 Lidia Jacqueminot ljacqueminotfn@constantcontact.com  T
565 Jerad Quartermaine jquartermainefo@opera.com  T
566 Gusella Gummory ggummoryfp@squarespace.com  T
567 Robinet Linner rlinnerfq@craigslist.org  T
568 Isa Comelli icomellifr@homestead.com  T
569 Barby Ilson bilsonfs@tripod.com  T
570 Dominique McVie dmcvieft@fema.gov  T
571 Nickey Weson nwesonfu@xinhuanet.com  T
572 Lorne MacAllen lmacallenfv@tinypic.com  T
573 Annabella Golland agollandfw@instagram.com  T
574 Charlotte Jozsa cjozsafx@cbslocal.com  T
575 Arliene Maffulli amaffullify@mayoclinic.com  T
576 Adi Fellgatt afellgattfz@ucla.edu  T
577 Kassi Leishman kleishmang0@dailymotion.com  T
578 Lib Leipnik lleipnikg1@quantcast.com  T
579 Oralia Gallager ogallagerg2@house.gov  T
580 Kandy Krysztofowicz kkrysztofowiczg3@icq.com  T
581 Merridie Tappor mtapporg4@smh.com.au  T
582 Alejandro Campes acampesg5@yahoo.com  T
583 Kerrill Scutchin kscutching6@ustream.tv  T
584 Netti Blaase nblaaseg7@ebay.co.uk  T
585 Barret Peggram bpeggramg8@wp.com  T
586 Dalli Keeffe dkeeffeg9@springer.com  T
587 Florella Stonary fstonaryga@cdc.gov  T
588 Lek Blythin lblythingb@jugem.jp  T
589 Gabriellia Organer gorganergc@squarespace.com  T
590 Callie Rickasse crickassegd@jigsy.com  T
591 Livia Hallad lhalladge@drupal.org  T
592 Llewellyn Toffoletto ltoffolettogf@behance.net  T
593 Rowney Janca rjancagg@sitemeter.com  T
594 Jan McDavitt jmcdavittgh@usnews.com  T
595 Melina Rycroft mrycroftgi@booking.com  T
596 Lou Armell larmellgj@digg.com  T
597 Faunie Feare ffearegk@behance.net  T
598 Trent Lambden tlambdengl@ca.gov  T
599 Zebadiah Jeenes zjeenesgm@edublogs.org  T
600 Lita Cockett lcockettgn@nyu.edu  T
601 Cary Spence cspencego@canalblog.com  T
602 Niccolo Wallbank nwallbankgp@1688.com  T
603 Burl Speakman bspeakmangq@sogou.com  T
604 Madelaine Hoyle mhoylegr@baidu.com  T
605 Lanie Paten lpatengs@jalbum.net  T
606 Scarface Gladstone sgladstonegt@biblegateway.com  T
607 Donaugh Barson dbarsongu@bbc.co.uk  T
608 Wit Nilges wnilgesgv@bbb.org  T
609 Solomon Gratten sgrattengw@indiegogo.com  T
610 Marin Bamsey mbamseygx@cdc.gov  T
611 Marya Cloney mcloneygy@earthlink.net  T
612 Clem Dungay cdungaygz@bigcartel.com  T
613 Kev Colls kcollsh0@marketwatch.com  T
614 Dallas Menicomb dmenicombh1@people.com.cn  T
615 Nico Chadwin nchadwinh2@cbslocal.com  T
616 Rawley Cruces rcrucesh3@over-blog.com  T
617 Laure Ayree layreeh4@foxnews.com  T
618 Gauthier Keynes gkeynesh5@exblog.jp  T
619 Davy Eyckel deyckelh6@com.com  T
620 Humfrey Jaggli hjagglih7@biglobe.ne.jp  T
621 Bancroft Stelljes bstelljesh8@biblegateway.com  T
622 Bunnie Worham bworhamh9@bravesites.com  T
623 Chandler Moncrefe cmoncrefeha@nytimes.com  T
624 Lucienne Padginton lpadgintonhb@wiley.com  T
625 Lorrayne Comizzoli lcomizzolihc@youtube.com  T
626 Cary Swine cswinehd@wired.com  T
627 Saidee Fayter sfayterhe@ask.com  T
628 Chrisse Gibling cgiblinghf@163.com  T
629 Harrie Brolly hbrollyhg@themeforest.net  T
630 Margalo Speere mspeerehh@businesswire.com  T
631 Barnebas Lomax blomaxhi@youtu.be  T
632 Cordi Baughen cbaughenhj@gov.uk  T
633 Bell Harbinson bharbinsonhk@wikimedia.org  T
634 Boyd Bearcroft bbearcrofthl@google.com.hk  T
635 Keene Siddons ksiddonshm@canalblog.com  T
636 Zechariah Scyner zscynerhn@sina.com.cn  T
637 Lanie Maundrell lmaundrellho@mtv.com  T
638 Merle Guidelli mguidellihp@trellian.com  T
639 Zsazsa Moxley zmoxleyhq@plala.or.jp  T
640 Pall Raffels praffelshr@wiley.com  T
641 Danielle Rawlings drawlingshs@drupal.org  T
642 Kellina Dafforne kdafforneht@quantcast.com  T
643 Amery Sharphurst asharphursthu@is.gd  T
644 Eyde Beldon ebeldonhv@odnoklassniki.ru  T
645 Eyde Sapsforde esapsfordehw@paginegialle.it  T
646 Shelba Dossit sdossithx@dagondesign.com  T
647 Farlay Worledge fworledgehy@ehow.com  T
648 Kym Di Giacomo kdigiacomohz@home.pl  T
649 Twila Basley tbasleyi0@histats.com  T
650 Klarika Aisbett kaisbetti1@liveinternet.ru  T
651 Brnaba Obee bobeei2@bloglovin.com  T
652 Jeni Gajownik jgajowniki3@washington.edu  T
653 Chas Parmenter cparmenteri4@google.com.au  T
654 Katrina MacFadyen kmacfadyeni5@meetup.com  T
655 Gaylord Stilgo gstilgoi6@loc.gov  T
656 Stirling Whiterod swhiterodi7@cargocollective.com  T
657 Orelie Clayhill oclayhilli8@usa.gov  T
658 Britt Dowry bdowryi9@amazon.de  T
659 Ailis Dobrowski adobrowskiia@51.la  T
660 Liesa Scrowby lscrowbyib@indiegogo.com  T
661 Odella Mallaby omallabyic@de.vu  T
662 Britte Spelman bspelmanid@amazon.co.uk  T
663 Gene Trundler gtrundlerie@craigslist.org  T
664 Tony Tweede ttweedeif@edublogs.org  T
665 Sander Heliot sheliotig@state.tx.us  T
666 Nolie Fairpool nfairpoolih@senate.gov  T
667 Shurlocke Duhig sduhigii@sina.com.cn  T
668 Clementia Blackmoor cblackmoorij@gizmodo.com  T
669 Crystal Lynnitt clynnittik@nih.gov  T
670 Clive Giovannacci cgiovannacciil@hao123.com  T
671 Rivkah Lope rlopeim@globo.com  T
672 Chester Lerner clernerin@soup.io  T
673 Mata Tamplin mtamplinio@chron.com  T
674 Baudoin Hitcham bhitchamip@abc.net.au  T
675 Dael Willford dwillfordiq@msn.com  T
676 Jacinda McGuire jmcguireir@storify.com  T
677 Shirley Wilmore swilmoreis@tmall.com  T
678 Arleen Meneghi ameneghiit@blogs.com  T
679 Josiah Pimley jpimleyiu@techcrunch.com  T
680 Alexio Van de Velde avandeveldeiv@xinhuanet.com  T
681 Callean Gyves cgyvesiw@cafepress.com  T
682 Arlyne Battill abattillix@bloglines.com  T
683 Ofella Gjerde ogjerdeiy@foxnews.com  T
684 Binky Yegorshin byegorshiniz@netvibes.com  T
685 Anabella Bees abeesj0@un.org  T
686 Jordan Delbergue jdelberguej1@ftc.gov  T
687 Hansiain Broune hbrounej2@fda.gov  T
688 Bathsheba Rushton brushtonj3@prnewswire.com  T
689 Jena Stanion jstanionj4@accuweather.com  T
690 Dayna Levis dlevisj5@yelp.com  T
691 Jillane Cambden jcambdenj6@prlog.org  T
692 Chloette Duffer cdufferj7@usgs.gov  T
693 Samuel Andor sandorj8@independent.co.uk  T
694 Adriaens Grene agrenej9@1688.com  T
695 Oliviero Dibben odibbenja@sphinn.com  T
696 Danielle Maulin dmaulinjb@paginegialle.it  T
697 Nissy Cottisford ncottisfordjc@com.com  T
698 Daisy Worden dwordenjd@zdnet.com  T
699 Peter Pestricke ppestrickeje@cocolog-nifty.com  T
700 Velvet Hoofe vhoofejf@so-net.ne.jp  T
701 Benjie Weatherley bweatherleyjg@netscape.com  T
702 Ivie Doe idoejh@hp.com  T
703 Abbot Fenby afenbyji@pbs.org  T
704 Gail Gascoine ggascoinejj@opera.com  T
705 Ebonee Zoanetti ezoanettijk@live.com  T
706 Cyb Mendoza cmendozajl@cam.ac.uk  T
707 Dorthy Bumphrey dbumphreyjm@cnn.com  T
708 Ossie Brando obrandojn@businessinsider.com  T
709 Josefina Brockhouse jbrockhousejo@taobao.com  T
710 Fran Kubica fkubicajp@auda.org.au  T
711 Aimil Shelp ashelpjq@hexun.com  T
712 Janella Wilderspoon jwilderspoonjr@xrea.com  T
713 Verne Greated vgreatedjs@example.com  T
714 Shalne Bollum sbollumjt@opensource.org  T
715 Desmund Revans drevansju@shinystat.com  T
716 Rosie Caris rcarisjv@odnoklassniki.ru  T
717 Sheela Mayer smayerjw@dailymail.co.uk  T
718 Roley Kinnen rkinnenjx@chronoengine.com  T
719 Ivette Czyz iczyzjy@webeden.co.uk  T
720 Riordan Binning rbinningjz@taobao.com  T
721 Ava Newland anewlandk0@tumblr.com  T
722 Emmanuel MacClenan emacclenank1@wikispaces.com  T
723 Guenna Beardwood gbeardwoodk2@live.com  T
724 Freeman Cancutt fcancuttk3@scribd.com  T
725 Isabelle Mullis imullisk4@blogtalkradio.com  T
726 Sandye Garrique sgarriquek5@ocn.ne.jp  T
727 Kain Gath kgathk6@networksolutions.com  T
728 Ivory Bartusek ibartusekk7@icq.com  T
729 Claudius Dittson cdittsonk8@de.vu  T
730 Dusty Chadney dchadneyk9@cbslocal.com  T
731 Tymon Sopp tsoppka@paypal.com  T
732 Reina Tolomelli rtolomellikb@joomla.org  T
733 Babita Whitnell bwhitnellkc@loc.gov  T
734 Peadar Frostdicke pfrostdickekd@theglobeandmail.com  T
735 Armin Ibbitt aibbittke@redcross.org  T
736 Thorsten Fedder tfedderkf@disqus.com  T
737 Ermina Tippell etippellkg@hatena.ne.jp  T
738 Clem Kenforth ckenforthkh@usgs.gov  T
739 Clyde Assad cassadki@hud.gov  T
740 Emmott Aronstam earonstamkj@fc2.com  T
741 Hally Baptiste hbaptistekk@about.com  T
742 Eba Haffenden ehaffendenkl@google.ru  T
743 Sileas Longfoot slongfootkm@cyberchimps.com  T
744 Lawrence Spaice lspaicekn@blogs.com  T
745 Annabel Klimp aklimpko@comcast.net  T
746 Marthena Ciobutaro mciobutarokp@earthlink.net  T
747 Myranda Forrest mforrestkq@vimeo.com  T
748 Ewen Don edonkr@wordpress.com  T
749 Kerrill Jentin kjentinks@deliciousdays.com  T
750 Annalee Fitzsimmons afitzsimmonskt@163.com  T
751 Nanete Wadforth nwadforthku@purevolume.com  T
752 Kathleen Farnall kfarnallkv@1und1.de  T
753 Adolph Hovenden ahovendenkw@shinystat.com  T
754 Marijn Jenk mjenkkx@list-manage.com  T
755 Talia Dooler tdoolerky@walmart.com  T
756 Fania Mainz fmainzkz@nih.gov  T
757 Effie Alleburton ealleburtonl0@stanford.edu  T
758 Nalani Sloam nsloaml1@4shared.com  T
759 Farand Deviney fdevineyl2@bloglovin.com  T
760 Chere Menary cmenaryl3@irs.gov  T
761 Larry Readett lreadettl4@microsoft.com  T
762 Ivonne Everiss ieverissl5@deliciousdays.com  T
763 Michal Hibling mhiblingl6@miibeian.gov.cn  T
764 James Dignum jdignuml7@pcworld.com  T
765 Alanah Seint aseintl8@chicagotribune.com  T
766 Alena Scay ascayl9@bluehost.com  T
767 Tobye Catmull tcatmullla@hc360.com  T
768 Tandy Downie tdownielb@fastcompany.com  T
769 George Filipic gfilipiclc@hud.gov  T
770 Curran McGahey cmcgaheyld@reuters.com  T
771 Eileen Torrecilla etorrecillale@nsw.gov.au  T
772 Martie Oherlihy moherlihylf@godaddy.com  T
773 Grier Dowtry gdowtrylg@wordpress.com  T
774 Kettie Sandeland ksandelandlh@artisteer.com  T
775 Kimball Willmer kwillmerli@php.net  T
776 Wit Fuster wfusterlj@ycombinator.com  T
777 Alla Jerdon ajerdonlk@goo.gl  T
778 Maximilianus Littler mlittlerll@digg.com  T
779 Carce Martinon cmartinonlm@cornell.edu  T
780 Donella Carnson dcarnsonln@artisteer.com  T
781 Skye Geake sgeakelo@epa.gov  T
782 Kimbell Gencke kgenckelp@columbia.edu  T
783 Rivkah Eads readslq@japanpost.jp  T
784 Ingaborg Kuhnt ikuhntlr@patch.com  T
785 Clarette Pittwood cpittwoodls@dailymotion.com  T
786 Neely Sellwood nsellwoodlt@google.ca  T
787 Celinka Heaffey cheaffeylu@1688.com  T
788 Herb Kondratenya hkondratenyalv@noaa.gov  T
789 Francklin Woolford fwoolfordlw@ted.com  T
790 Ameline Paling apalinglx@amazonaws.com  T
791 Hillel Simcox hsimcoxly@fema.gov  T
792 Moises Geist mgeistlz@princeton.edu  T
793 Shalne Amaya samayam0@state.tx.us  T
794 Stefania Pherps spherpsm1@hostgator.com  T
795 Dario Storror dstorrorm2@dell.com  T
796 Gussi Kington gkingtonm3@europa.eu  T
797 Sibilla Vanner svannerm4@apache.org  T
798 Ramonda D'Antoni rdantonim5@alibaba.com  T
799 Terrye Jouning tjouningm6@ibm.com  T
800 Floyd Dursley fdursleym7@over-blog.com  T
801 Lorna Beeck lbeeckm8@thetimes.co.uk  T
802 Tiffani Halvosen thalvosenm9@vinaora.com  T
803 Reuben Reburn rreburnma@sciencedaily.com  T
804 Nathan Scotson nscotsonmb@china.com.cn  T
805 Catherin Thomazin cthomazinmc@telegraph.co.uk  T
806 Winna Byart wbyartmd@discovery.com  T
807 Zulema Grosier zgrosierme@nba.com  T
808 Tito Hargerie thargeriemf@va.gov  T
809 Trula Baughn tbaughnmg@kickstarter.com  T
810 Lenore Francklyn lfrancklynmh@goodreads.com  T
811 Cesaro Shelmerdine cshelmerdinemi@businessinsider.com  T
812 Erin Anersen eanersenmj@odnoklassniki.ru  T
813 Allen Chambers achambersmk@squidoo.com  T
814 Yevette Chestnutt ychestnuttml@artisteer.com  T
815 Barry Royds broydsmm@newsvine.com  T
816 Bobette Caulkett bcaulkettmn@usgs.gov  T
817 Dorian Halford dhalfordmo@nationalgeographic.com  T
818 Odelia Sneesby osneesbymp@hc360.com  T
819 Melli Prier mpriermq@seattletimes.com  T
820 Jacinthe Witton jwittonmr@disqus.com  T
821 Pembroke Baitey pbaiteyms@nytimes.com  T
822 Tadeo Peace tpeacemt@patch.com  T
823 Caritta Anstice cansticemu@livejournal.com  T
824 Marylou Tidman mtidmanmv@php.net  T
825 Jourdan Slimm jslimmmw@bloglovin.com  T
826 Jolynn Castro jcastromx@networksolutions.com  T
827 Francine Standeven fstandevenmy@facebook.com  T
828 Blanca Birdseye bbirdseyemz@nbcnews.com  T
829 Tommie Banger tbangern0@sakura.ne.jp  T
830 Sharon Cruddace scruddacen1@smh.com.au  T
831 Dion Lovat dlovatn2@technorati.com  T
832 Bonni Charlick bcharlickn3@springer.com  T
833 Tabitha Britnell tbritnelln4@sogou.com  T
834 Oona Dumsday odumsdayn5@hhs.gov  T
835 Sephira Walklate swalklaten6@artisteer.com  T
836 Nollie Griswaite ngriswaiten7@soup.io  T
837 Margarette Scampion mscampionn8@google.co.uk  T
838 Karleen Petken kpetkenn9@goo.gl  T
839 Cassy Coulter ccoulterna@microsoft.com  T
840 Tarah Widdop twiddopnb@wikipedia.org  T
841 Waiter Leathart wleathartnc@ocn.ne.jp  T
842 Kerwin Gorringe kgorringend@amazon.com  T
843 Lilah Sallier lsallierne@blog.com  T
844 Celine Dibson cdibsonnf@comcast.net  T
845 Roma Jarrett rjarrettng@tuttocitta.it  T
846 Hortensia Burkman hburkmannh@google.ru  T
847 Gaspard Vane gvaneni@tinyurl.com  T
848 Andris Mayzes amayzesnj@moonfruit.com  T
849 Neddy Bourdas nbourdasnk@youtube.com  T
850 Philbert Dallison pdallisonnl@pinterest.com  T
851 Brnaba Morant bmorantnm@csmonitor.com  T
852 Ivie Wilcot iwilcotnn@jigsy.com  T
853 Cariotta Boorman cboormanno@ihg.com  T
854 Masha Edgcombe medgcombenp@newsvine.com  T
855 Rhodie Willavoys rwillavoysnq@skyrock.com  T
856 Reggy Sicily rsicilynr@mac.com  T
857 Justina Banaszewski jbanaszewskins@hubpages.com  T
858 Dedie Lawlee dlawleent@baidu.com  T
859 Fianna Macenzy fmacenzynu@wix.com  T
860 Claretta Simioli csimiolinv@ow.ly  T
861 Christy Atkirk catkirknw@cargocollective.com  T
862 Sydney Ambrosini sambrosininx@dailymotion.com  T
863 Coreen Stredwick cstredwickny@fc2.com  T
864 Brynne Mackro bmackronz@linkedin.com  T
865 Coreen Akerman cakermano0@people.com.cn  T
866 Joete Brookzie jbrookzieo1@dailymail.co.uk  T
867 Almeda Hyde ahydeo2@disqus.com  T
868 Dion Dukes ddukeso3@google.co.jp  T
869 Cammi Korneluk ckorneluko4@zdnet.com  T
870 Valida Samett vsametto5@photobucket.com  T
871 Giffer Sheward gshewardo6@fema.gov  T
872 Emmalyn Jedrzejewski ejedrzejewskio7@accuweather.com  T
873 Morly Loraine mloraineo8@sfgate.com  T
874 Adrian Fransseni afranssenio9@noaa.gov  T
875 Keely Castelletti kcastellettioa@sogou.com  T
876 Biddy Rhymer brhymerob@omniture.com  T
877 Oliy Linney olinneyoc@state.tx.us  T
878 Roobbie Dundendale rdundendaleod@dion.ne.jp  T
879 Elisabet Veryan everyanoe@is.gd  T
880 Willette Jeyness wjeynessof@mozilla.org  T
881 Tresa Mulloch tmullochog@ovh.net  T
882 Jory Addy jaddyoh@mac.com  T
883 Skip Pethybridge spethybridgeoi@noaa.gov  T
884 Konstantine Witherby kwitherbyoj@weather.com  T
885 Antony Abbie aabbieok@shinystat.com  T
886 Arlinda Gossipin agossipinol@businesswire.com  T
887 Burt Abrashkov babrashkovom@webeden.co.uk  T
888 Tatiana Stodit tstoditon@tuttocitta.it  T
889 Hastie Farrin hfarrinoo@economist.com  T
890 Isaak deKnevet ideknevetop@weibo.com  T
891 Wiatt Torn wtornoq@sciencedirect.com  T
892 Cassandre Flannery cflanneryor@ning.com  T
893 Constance Lindermann clindermannos@51.la  T
894 Elfie Leacy eleacyot@histats.com  T
895 Marv Mabey mmabeyou@biblegateway.com  T
896 Cynde Frosch cfroschov@baidu.com  T
897 Beulah Le Barre blebarreow@ucoz.com  T
898 Bertha Tschirasche btschirascheox@soundcloud.com  T
899 Katherine Yokel kyokeloy@icio.us  T
900 Tanhya Nutting tnuttingoz@creativecommons.org  T
901 Alix Lovemore alovemorep0@independent.co.uk  T
902 Eloisa Ksandra eksandrap1@cbslocal.com  T
903 Abel Geistmann ageistmannp2@netscape.com  T
904 Rosalinde Jouanet rjouanetp3@who.int  T
905 Fredericka Samworth fsamworthp4@zdnet.com  T
906 Eberto Titta etittap5@vk.com  T
907 Avie Weller awellerp6@vk.com  T
908 Marena Poulton mpoultonp7@gizmodo.com  T
909 Valry Card vcardp8@webmd.com  T
910 Abelard Strongitharm astrongitharmp9@nyu.edu  T
911 Cullie Rottgers crottgerspa@ezinearticles.com  T
912 Madison Rodge mrodgepb@yolasite.com  T
913 Kissee Siburn ksiburnpc@livejournal.com  T
914 Evy Faughey efaugheypd@shinystat.com  T
915 Sonny Arnholz sarnholzpe@cnn.com  T
916 Agnes Newtown anewtownpf@guardian.co.uk  T
917 Tamas Chalcraft tchalcraftpg@wp.com  T
918 Zane Blouet zblouetph@mayoclinic.com  T
919 Arline Storrier astorrierpi@artisteer.com  T
920 Cynthy Loughney cloughneypj@walmart.com  T
921 Horton Tower htowerpk@123-reg.co.uk  T
922 Jackson Grene jgrenepl@scribd.com  T
923 Corella Stredwick cstredwickpm@skyrock.com  T
924 Fraze Landeg flandegpn@wunderground.com  T
925 Lorianne Greyes lgreyespo@yolasite.com  T
926 Sargent Constanza sconstanzapp@umn.edu  T
927 Frances Kuhle fkuhlepq@comcast.net  T
928 Andrea Stener astenerpr@clickbank.net  T
929 Binky Bloxam bbloxamps@live.com  T
930 Worden MacGahey wmacgaheypt@pinterest.com  T
931 Chen Pittoli cpittolipu@latimes.com  T
932 Amelie Nizet anizetpv@tiny.cc  T
933 Clemence Folkard cfolkardpw@a8.net  T
934 Mira Skillington mskillingtonpx@cbsnews.com  T
935 Manolo Sollas msollaspy@ft.com  T
936 Elaina Lacky elackypz@gizmodo.com  T
937 Waiter Kike wkikeq0@comsenz.com  T
938 Dodi Bolle dbolleq1@miibeian.gov.cn  T
939 Brandice Azemar bazemarq2@mashable.com  T
940 Constanta Rapson crapsonq3@cnet.com  T
941 Mala Philippsohn mphilippsohnq4@techcrunch.com  T
942 Agathe Kemme akemmeq5@phpbb.com  T
943 Joell Chater jchaterq6@businessweek.com  T
944 Olivia Ebben oebbenq7@vistaprint.com  T
945 Maurits Consadine mconsadineq8@etsy.com  T
946 Richard Leveridge rleveridgeq9@cnet.com  T
947 Carmen Shaddock cshaddockqa@cdbaby.com  T
948 Hunfredo Gold hgoldqb@hatena.ne.jp  T
949 Manya Potteridge mpotteridgeqc@latimes.com  T
950 Beck Krystof bkrystofqd@scientificamerican.com  T
951 Brenna Quixley bquixleyqe@stumbleupon.com  T
952 Jeane Druery jdrueryqf@reddit.com  T
953 Harley Pardy hpardyqg@phoca.cz  T
954 Boniface Scopham bscophamqh@goo.gl  T
955 Free Ibarra fibarraqi@oracle.com  T
956 Ricki Nuss rnussqj@google.fr  T
957 Emile Fullegar efullegarqk@illinois.edu  T
958 Lissa Shreeve lshreeveql@nydailynews.com  T
959 Nealson Neilson nneilsonqm@mapy.cz  T
960 Barbra Justun bjustunqn@boston.com  T
961 Dare Salman dsalmanqo@shop-pro.jp  T
962 Goldi Stuer gstuerqp@freewebs.com  T
963 Husain Smewings hsmewingsqq@reverbnation.com  T
964 Thorny Robarts trobartsqr@tripadvisor.com  T
965 Mechelle Kelwaybamber mkelwaybamberqs@spiegel.de  T
966 Martina Claybourn mclaybournqt@narod.ru  T
967 Shayne Stonbridge sstonbridgequ@geocities.com  T
968 Dex Tellenbach dtellenbachqv@xing.com  T
969 Nike Bohills nbohillsqw@yolasite.com  T
970 Waverly Sullivan wsullivanqx@sciencedirect.com  T
971 Luz Sanchiz lsanchizqy@yale.edu  T
972 Silvana Sandyfirth ssandyfirthqz@ucoz.com  T
973 Elisabetta D'Antonio edantonior0@home.pl  T
974 Bink Sallinger bsallingerr1@blinklist.com  T
975 Svend Bingley sbingleyr2@prweb.com  T
976 Yorker Kilmaster ykilmasterr3@wordpress.org  T
977 Conan Stanners cstannersr4@squarespace.com  T
978 Andrew Dicks adicksr5@samsung.com  T
979 Nollie Missington nmissingtonr6@booking.com  T
980 Britt Heild bheildr7@scientificamerican.com  T
981 Cary Scholcroft cscholcroftr8@admin.ch  T
982 Lloyd Darleston ldarlestonr9@de.vu  T
983 Wainwright Raikes wraikesra@psu.edu  T
984 Maximilian Tabourin mtabourinrb@epa.gov  T
985 Emmaline Averall eaverallrc@rakuten.co.jp  T
986 Lynna Sonschein lsonscheinrd@bloglovin.com  T
987 Rachel Collcott rcollcottre@shop-pro.jp  T
988 Brinn Cordeiro bcordeirorf@ovh.net  T
989 Lida Haswell lhaswellrg@ycombinator.com  T
990 Millisent Kellart mkellartrh@123-reg.co.uk  T
991 Rayshell MacGown rmacgownri@accuweather.com  T
992 Charlot Bierman cbiermanrj@virginia.edu  T
993 Becki Larchiere blarchiererk@indiatimes.com  T
994 Maud McCahey mmccaheyrl@seesaa.net  T
995 Starr Von Der Empten svonderemptenrm@deliciousdays.com  T
996 Lamont Wragge lwraggern@symantec.com  T
997 Cordi Hallt challtro@behance.net  T
998 Amos Gerry agerryrp@paginegialle.it  T
999 Stinky Hiscocks shiscocksrq@photobucket.com  T
1000 Reidar Grundell rgrundellrr@devhub.com  T
1001 kocak sekali a@gmail.com 20/10/2000 T
